"Town","Address","Type","Area sqm","Floor","Sale month","Valuation date","Stratum","Actual price","Before","After","Before APE %","After APE %","After low","After high","Confidence","Raw count","Effective N","Max weight %","Method"
"woodlands","841 WOODLANDS ST 82","4 ROOM","101","2","2026-08-01","2026-07-31","thin_low","523000","455650","525978","12.877636277630767","0.5694894331923273","489160","562797","Moderate","7","4.764762809596798","36.50360614849057","hdb_v2_recent_nearby_older_block_support"
"woodlands","826 WOODLANDS ST 81","5 ROOM","136","2","2026-07-01","2026-06-30","thin_low","740000","717124","727817","3.0913178602075098","1.6462905261651284","676870","778765","Moderate","5","3.821880089071521","35.868727689847574","hdb_v2_recent_block_nearby_blend"
"woodlands","818 WOODLANDS ST 82","EXECUTIVE","177","5","2026-09-01","2026-08-31","thin_low","1170000","1112741","1093461","4.893966551546791","6.54182235845544","1016918","1170003","Moderate","9","5.861582988587199","25.73409188259323","hdb_v2_recent_block_nearby_blend"
"woodlands","838 WOODLANDS ST 82","EXECUTIVE","146","2","2026-09-01","2026-08-31","thin_low","835000","839500","837892","0.5389221556886259","0.3463667710401852","779240","896545","Moderate","4","3.89259619533455","29.186565103958934","hdb_v2_recent_block_nearby_blend"
"woodlands","848 WOODLANDS ST 82","EXECUTIVE","179","2","2026-08-01","2026-07-31","thin_low","960000","969217","1155062","0.9601273243277308","20.31894151184821","1074208","1235916","Moderate","3","2.675821854376966","42.188081717292405","hdb_v2_recent_nearby"
"woodlands","818 WOODLANDS ST 82","EXECUTIVE","179","8","2026-08-01","2026-07-31","thin_middle","1150000","1157938","1148584","0.6902480962908353","0.12313036808663247","1068183","1228985","Moderate","9","6.550450557726013","24.999999999999993","hdb_v2_recent_block_nearby_blend"
"woodlands","874 WOODLANDS ST 82","5 ROOM","135","8","2026-08-01","2026-07-31","thin_middle","700000","698813","716895","0.1695759850046885","2.4135238533848025","666712","767077","Moderate","7","5.3817771593783","31.36673776595018","hdb_v2_recent_nearby_older_block_support"
"woodlands","845 WOODLANDS ST 82","4 ROOM","84","8","2026-09-01","2026-08-31","thin_middle","490000","489099","492092","0.18382762730714264","0.42697739606141205","457646","526539","Moderate","7","6.100795701395388","20.527699439178043","hdb_v2_recent_block_nearby_blend"
"woodlands","843 WOODLANDS ST 82","4 ROOM","84","11","2026-09-01","2026-08-31","thin_middle","490000","470196","497183","4.041585045901186","1.4659639528141977","462380","531986","Moderate","9","7.164070999499214","25.000000000000007","hdb_v2_recent_block_nearby_blend"
"woodlands","823 WOODLANDS ST 82","5 ROOM","132","11","2026-08-01","2026-07-31","thin_middle","730888","700520","752865","4.154931607159074","3.0069585819008537","700165","805566","Moderate","7","5.621426045650213","24.871664035505713","hdb_v2_recent_nearby_older_block_support"
"woodlands","874 WOODLANDS ST 82","4 ROOM","111","2","2026-08-01","2026-07-31","fresh_low","560000","549021","571040","1.9605264259224597","1.971364944110321","553908","588171","High","4","3.4387552556000487","39.93595496878296","hdb_v2_recent_same_block"
"woodlands","882 WOODLANDS ST 82","5 ROOM","124","2","2026-07-01","2026-06-30","fresh_low","595000","601858","620368","1.152662223747969","4.263575678982523","576942","663794","Moderate","3","2.754713774626783","47.28250571636933","hdb_v2_recent_same_block"
"woodlands","805 WOODLANDS ST 81","EXECUTIVE","189","11","2026-07-01","2026-06-30","thin_middle","1200000","1180000","1195562","1.6666666666666718","0.36983885345178713","1111873","1279251","Moderate","4","3.8989650681190207","31.570785701408205","hdb_v2_recent_block_nearby_blend"
"woodlands","877 WOODLANDS AVE 9","5 ROOM","126","8","2026-07-01","2026-06-30","thin_middle","650000","600715","650166","7.5822799653172845","0.02550481700291929","604654","695677","Moderate","7","6.451336844611477","18.93851491177211","hdb_v2_recent_nearby"
"woodlands","802 WOODLANDS ST 81","5 ROOM","121","5","2026-07-01","2026-06-30","thin_low","640000","589763","622289","7.849600923439171","2.767379467082065","578729","665849","Moderate","4","3.830562732413025","33.758887169308956","hdb_v2_recent_nearby"
"woodlands","881 WOODLANDS ST 82","5 ROOM","123","11","2026-07-01","2026-06-30","thin_middle","610000","645727","654957","5.856820082379666","7.369973423404286","609110","700804","Moderate","6","4.427574664794596","33.17530076795233","hdb_v2_recent_nearby_older_block_support"
"woodlands","807 WOODLANDS ST 81","EXECUTIVE","192","8","2026-08-01","2026-07-31","thin_middle","1250000","1117756","1161955","10.579539103653824","7.0436381361034694","1080618","1243291","Moderate","6","5.117778445099536","25","hdb_v2_recent_block_nearby_blend"
"woodlands","816 WOODLANDS ST 82","EXECUTIVE","177","8","2026-08-01","2026-07-31","thin_middle","1150000","1179284","1138090","2.5464001104887446","1.0356651676227124","1058424","1217756","Moderate","4","3.222680702041419","42.17477566080321","hdb_v2_recent_block_nearby_blend"
"woodlands","845 WOODLANDS ST 82","4 ROOM","84","2","2026-08-01","2026-07-31","thin_low","470000","446064","472645","5.092746358749178","0.5628413106366636","439560","505731","Moderate","4","3.8869206154362024","31.125986266975904","hdb_v2_recent_block_nearby_blend"
"woodlands","821 WOODLANDS ST 82","5 ROOM","136","11","2026-08-01","2026-07-31","thin_middle","738000","724372","762075","1.846609874855687","3.26219411428188","685867","838282","Low","6","4.301280340047931","33.35095569006823","hdb_v2_recent_nearby"
"woodlands","804 WOODLANDS ST 81","EXECUTIVE","149","11","2026-08-01","2026-07-31","thin_middle","850000","934647","969136","9.958451758530739","14.016025324296976","901297","1036976","Moderate","6","3.479494146221706","44.96830494185394","hdb_v2_recent_block_nearby_blend"
"woodlands","838 WOODLANDS ST 82","EXECUTIVE","144","2","2026-08-01","2026-07-31","thin_low","828000","878667","869520","6.119173663111432","5.014542422554036","808654","930387","Moderate","4","2.7309791309670426","50.38273809385946","hdb_v2_recent_nearby_older_block_support"
"woodlands","873 WOODLANDS ST 81","4 ROOM","111","11","2026-08-01","2026-07-31","thin_middle","575000","531008","590919","7.650758698735361","2.768484235538482","549554","632283","Moderate","5","3.671580173872771","39.9280739351739","hdb_v2_recent_nearby_older_block_support"
"woodlands","820 WOODLANDS ST 82","EXECUTIVE","177","5","2026-08-01","2026-07-31","thin_low","1010000","1100856","1138467","8.995624408543845","12.719550959480298","1058775","1218160","Moderate","5","4.352965360245659","30.28573897410481","hdb_v2_recent_block_nearby_blend"
"woodlands","840 WOODLANDS ST 82","4 ROOM","84","5","2026-08-01","2026-07-31","thin_low","475000","501927","487252","5.668809620514748","2.5793654842033664","453144","521360","Moderate","6","5.090906574745036","28.182798127369164","hdb_v2_recent_block_nearby_blend"
"woodlands","832 WOODLANDS ST 83","EXECUTIVE","147","5","2026-08-01","2026-07-31","thin_low","784000","836207","911807","6.659034234408789","16.301900804802074","847980","975633","Moderate","3","2.958507763687398","38.870734235399205","hdb_v2_recent_nearby"
"woodlands","810 WOODLANDS ST 81","4 ROOM","106","5","2026-08-01","2026-07-31","thin_low","550000","557137","562309","1.297589088183293","2.237980489262603","522947","601671","Moderate","9","7.29401053014992","24.773157673714366","hdb_v2_recent_nearby_older_block_support"
"woodlands","840 WOODLANDS ST 82","4 ROOM","104","8","2026-09-01","2026-08-31","thin_middle","548000","621063","563236","13.332582747794586","2.780241403266448","523809","602662","Moderate","4","3.442183296828309","34.63200682775438","hdb_v2_recent_nearby_older_block_support"
"woodlands","802 WOODLANDS ST 81","5 ROOM","121","5","2026-09-01","2026-08-31","thin_low","640000","640000","626717","0","2.075534600647333","582846","670587","Moderate","5","4.776797791188562","25.319165373840473","hdb_v2_recent_block_nearby_blend"
"woodlands","870 WOODLANDS ST 81","5 ROOM","133","8","2026-09-01","2026-08-31","thin_middle","705000","731549","706612","3.765799892633437","0.22868194063989655","657149","756075","Moderate","9","6.316075399812212","29.983976793173955","hdb_v2_recent_nearby_older_block_support"
"bedok","22 BEDOK STH AVE 1","3 ROOM","73","8","2026-07-01","2026-06-30","fresh_middle","455000","442553","450604","2.735632816891509","0.9662059948221113","419061","482146","Moderate","3","2.898877766311305","40.46013296313554","hdb_v2_recent_same_block"
"bedok","419 BEDOK NTH ST 1","3 ROOM","68","11","2026-09-01","2026-08-31","fresh_middle","450000","471312","446984","4.735900806205007","0.6703274604291098","424634","469333","High","4","3.4412654436381387","40.90838124200651","hdb_v2_recent_same_block"
"bedok","420 BEDOK NTH ST 1","3 ROOM","68","11","2026-08-01","2026-07-31","fresh_middle","395000","441964","428022","11.889555713491529","8.360070681109487","397910","458135","Moderate","3","2.1160741311081495","62.95492513883957","hdb_v2_recent_same_block"
"bedok","431A BEDOK NTH RD","4 ROOM","94","8","2026-07-01","2026-06-30","fresh_middle","930000","927024","932467","0.31996286068014523","0.2652209044423204","904493","960441","High","4","3.730064044806271","33.27831942337534","hdb_v2_recent_same_block"
"bedok","418 BEDOK NTH AVE 2","3 ROOM","67","8","2026-08-01","2026-07-31","fresh_middle","430000","443563","437254","3.154176455270985","1.686870721300604","406646","467861","Moderate","3","2.746397288439874","44.46939883663775","hdb_v2_recent_same_block"
"bedok","218 BEDOK NTH ST 1","3 ROOM","68","2","2026-08-01","2026-07-31","thin_low","400000","430444","447244","7.61099999999999","11.81109951149175","415937","478552","Moderate","7","5.469944315310258","26.310677514119106","hdb_v2_recent_block_nearby_blend"
"bedok","420 BEDOK NTH ST 1","4 ROOM","92","5","2026-07-01","2026-06-30","thin_low","510000","536121","556297","5.121756328084426","9.077791563469638","517356","595238","Moderate","4","3.8007016539029683","30.868232275128175","hdb_v2_recent_nearby"
"bedok","401 BEDOK NTH AVE 3","3 ROOM","67","5","2026-07-01","2026-06-30","thin_low","395000","417500","411479","5.696202531645578","4.17184202924914","382675","440282","Moderate","5","4.872864196618633","24.120997539101783","hdb_v2_recent_block_nearby_blend"
"bedok","417 BEDOK NTH AVE 2","5 ROOM","119","5","2026-07-01","2026-06-30","thin_low","720000","882091","704932","22.512640234915636","2.0927857063846034","634439","775425","Moderate","4","3.5927288219962947","37.64357987424714","hdb_v2_recent_block_nearby_blend"
"bedok","418 BEDOK NTH AVE 2","3 ROOM","67","2","2026-07-01","2026-06-30","thin_low","420000","406020","414479","3.328487220144316","1.314467980305889","385466","443493","Moderate","11","7.416528561721313","25.691664082564746","hdb_v2_recent_block_nearby_blend"
"bedok","220B BEDOK CTRL","4 ROOM","94","14","2026-08-01","2026-07-31","thin_high","970000","952472","948951","1.8069724312093083","2.1699973311938736","882524","1015378","Moderate","4","3.0281355930685248","44.78050235260323","hdb_v2_recent_nearby_older_block_support"
"bedok","414 BEDOK NTH AVE 2","5 ROOM","119","14","2026-09-01","2026-08-31","thin_high","716000","723792","683407","1.0882094029159628","4.552115673547441","635568","731245","Moderate","4","3.999817328168894","25.233454804247913","hdb_v2_recent_block_nearby_blend"
"bedok","131 BEDOK NTH AVE 3","4 ROOM","92","14","2026-07-01","2026-06-30","thin_high","550000","581924","568975","5.804336774109364","3.4499836543263385","529147","608803","Moderate","14","8.96576579095852","25","hdb_v2_recent_block_nearby_blend"
"bedok","219D BEDOK CTRL","4 ROOM","97","14","2026-08-01","2026-07-31","thin_high","950000","945408","957519","0.4834111888601278","0.7914700453732548","890493","1024545","Moderate","5","3.698323301494944","36.67468901723902","hdb_v2_recent_block_nearby_blend"
"bedok","220A BEDOK CTRL","4 ROOM","97","14","2026-07-01","2026-06-30","thin_high","925000","933639","980970","0.9339835487661707","6.050845941952088","912302","1049638","Moderate","4","3.061397365208917","41.733772706704805","hdb_v2_recent_nearby_older_block_support"
"bedok","140 BEDOK NTH ST 2","5 ROOM","120","11","2026-07-01","2026-06-30","thin_middle","958888","882141","850914","8.003698056396214","11.26038696274052","791350","910477","Moderate","7","6.13828197676584","23.356659252273317","hdb_v2_recent_block_nearby_blend"
"bedok","410 BEDOK NTH AVE 2","3 ROOM","68","8","2026-08-01","2026-07-31","thin_middle","455000","448366","453616","1.4579374126131528","0.3042550015126322","421863","485369","Moderate","5","3.780945715038103","37.092563974644065","hdb_v2_recent_nearby_older_block_support"
"bedok","131 BEDOK NTH AVE 3","4 ROOM","92","11","2026-09-01","2026-08-31","thin_middle","530000","559652","550740","5.594654318303927","3.9131817931004287","512188","589292","Moderate","11","6.801868884834003","27.232270477071552","hdb_v2_recent_block_nearby_blend"
"bedok","420 BEDOK NTH ST 1","3 ROOM","82","8","2026-08-01","2026-07-31","thin_middle","513000","524510","507541","2.2437198029101157","1.0640559829587781","472013","543069","Moderate","4","3.776993865441848","34.53503187309863","hdb_v2_recent_block_nearby_blend"
"bedok","402 BEDOK NTH AVE 3","4 ROOM","92","8","2026-08-01","2026-07-31","thin_middle","576888","536322","541832","7.031930006989217","6.076675381431896","503904","579761","Moderate","7","6.243081497344417","25","hdb_v2_recent_block_nearby_blend"
"bedok","431A BEDOK NTH RD","4 ROOM","94","2","2026-07-01","2026-06-30","fresh_low","870000","860758","894434","1.0623302070692286","2.8085339008925514","867601","921267","High","7","5.124198055978394","34.3596141366416","hdb_v2_recent_same_block"
"bedok","409 BEDOK NTH AVE 2","3 ROOM","68","2","2026-08-01","2026-07-31","fresh_low","420000","422670","441532","0.6358167566037354","5.126675495168986","410625","472439","Moderate","3","2.750831056096851","45.959579648183016","hdb_v2_recent_same_block"
"bedok","431A BEDOK NTH RD","4 ROOM","94","14","2026-08-01","2026-07-31","fresh_high","988000","955207","960214","3.3190959740432624","2.8123071009660494","931408","989021","High","4","3.804663643234205","34.680751609292116","hdb_v2_recent_same_block"
"bedok","430A BEDOK NTH RD","4 ROOM","94","14","2026-07-01","2026-06-30","fresh_high","950000","959731","984664","1.024271790610598","3.648841333429842","915738","1053590","Moderate","3","2.675862652370569","43.66662284636634","hdb_v2_recent_same_block"
"bedok","401 BEDOK NTH AVE 3","3 ROOM","67","2","2026-07-01","2026-06-30","thin_low","405000","397527","396109","1.8451720501344027","2.1954159470289114","368381","423836","Moderate","6","4.886928187865441","30.776526539282923","hdb_v2_recent_block_nearby_blend"
"bedok","401 BEDOK NTH AVE 3","3 ROOM","67","2","2026-07-01","2026-06-30","thin_low","410000","397527","396109","3.042182147083994","3.3881435944304594","368381","423836","Moderate","6","4.886937590486404","30.776422612703712","hdb_v2_recent_block_nearby_blend"
"bedok","426 BEDOK NTH RD","3 ROOM","67","11","2026-07-01","2026-06-30","fresh_middle","398888","472596","466407","18.47827187071738","16.92686734961932","433759","499056","Moderate","3","2.51505844977182","48.186217617067975","hdb_v2_recent_same_block"
"bedok","431A BEDOK NTH RD","4 ROOM","94","11","2026-08-01","2026-07-31","fresh_middle","963888","942962","948728","2.1709733601154024","1.57282658370832","920266","977190","High","5","4.424475656222732","31.059701951572166","hdb_v2_recent_same_block"
"bedok","213 BEDOK NTH ST 1","3 ROOM","83","5","2026-08-01","2026-07-31","thin_low","500000","590474","513214","18.094810106672842","2.642735757336867","477289","549139","Moderate","5","4.842997159783546","23.7504800077913","hdb_v2_recent_nearby"
"bedok","422 BEDOK NTH RD","4 ROOM","92","5","2026-08-01","2026-07-31","thin_low","590000","529516","536784","10.25145865098851","9.019618412590846","499209","574359","Moderate","5","4.4804224560776875","30.931590974165026","hdb_v2_recent_block_nearby_blend"
"punggol","604C PUNGGOL RD","4 ROOM","92","14","2026-07-01","2026-06-30","thin_high","680000","656111","670941","3.513029886278418","1.3322008555149867","623975","717907","Moderate","20","16.76439396521887","10.390759008888807","hdb_v2_recent_nearby_older_block_support"
"punggol","288C PUNGGOL PL","4 ROOM","96","17","2026-08-01","2026-07-31","thin_high","784888","789940","803424","0.6436322222386659","2.3616698043863904","747185","859664","Moderate","8","5.43822254672887","32.252903064064384","hdb_v2_recent_block_nearby_blend"
"punggol","613D PUNGGOL DR","4 ROOM","93","14","2026-07-01","2026-06-30","thin_high","655000","706624","691464","7.881600314958903","5.5670240267317705","643062","739866","Moderate","18","8.116049500583774","29.139312396879102","hdb_v2_recent_block_nearby_blend"
"punggol","615C EDGEFIELD PLAINS","4 ROOM","92","17","2026-08-01","2026-07-31","thin_high","700000","683684","698844","2.330901582763112","0.16509069484096361","649925","747763","Moderate","9","6.097253087752824","29.71085266004671","hdb_v2_recent_block_nearby_blend"
"punggol","601B PUNGGOL CTRL","4 ROOM","94","14","2026-08-01","2026-07-31","thin_high","668888","640224","687040","4.285315244138943","2.713827993685447","638948","735133","Moderate","15","13.105129842830557","12.4285063639286","hdb_v2_recent_nearby"
"punggol","197A PUNGGOL FIELD","5 ROOM","110","8","2026-07-01","2026-06-30","thin_middle","602000","627388","646631","4.217277955355869","7.413852267255994","601367","691896","Moderate","7","6.660016564124709","19.07311920536148","hdb_v2_recent_nearby_older_block_support"
"punggol","299 PUNGGOL CTRL","5 ROOM","110","8","2026-07-01","2026-06-30","thin_middle","680000","677039","659491","0.4354855158853699","3.0160334814394174","613327","705655","Moderate","9","5.735374505689767","29.876461915596984","hdb_v2_recent_nearby_older_block_support"
"punggol","288B PUNGGOL PL","4 ROOM","95","8","2026-08-01","2026-07-31","thin_middle","785000","754094","773325","3.937116222499648","1.4872723552398992","719192","827458","Moderate","14","12.124978555300357","12.496343924128988","hdb_v2_recent_nearby_older_block_support"
"punggol","602B PUNGGOL CTRL","4 ROOM","93","8","2026-08-01","2026-07-31","thin_middle","680000","656297","678687","3.4857410724811855","0.1931366489569264","631179","726195","Moderate","21","10.459056249916713","25","hdb_v2_recent_block_nearby_blend"
"punggol","303A PUNGGOL CTRL","4 ROOM","94","8","2026-09-01","2026-08-31","thin_middle","730000","765573","736675","4.873054205952054","0.9143859661937981","685108","788242","Moderate","25","9.910810516650656","22.338256967180786","hdb_v2_recent_block_nearby_blend"
"punggol","614A EDGEFIELD PLAINS","4 ROOM","92","5","2026-08-01","2026-07-31","fresh_low","640000","642723","638423","0.4254704737503001","0.24637219005886335","593734","683113","Moderate","3","2.7801687071843038","46.56551275841751","hdb_v2_recent_same_block"
"punggol","678A PUNGGOL DR","4 ROOM","93","2","2026-09-01","2026-08-31","fresh_low","610000","638058","668699","4.599689273527763","9.6227799237246","638659","698739","High","6","5.297053141463852","24.917351040133806","hdb_v2_recent_same_block"
"punggol","301A PUNGGOL CTRL","4 ROOM","93","5","2026-07-01","2026-06-30","fresh_low","675000","711251","715042","5.3705180645716055","5.9321641283090365","664989","765095","Moderate","3","2.4854188116615474","54.74154756798286","hdb_v2_recent_same_block"
"punggol","679A PUNGGOL DR","4 ROOM","93","5","2026-09-01","2026-08-31","fresh_low","730000","713299","716560","2.2878721737868313","1.8411347233799669","695063","738057","High","5","3.9562844146728793","30.249839591101757","hdb_v2_recent_same_block"
"punggol","678B PUNGGOL DR","4 ROOM","93","5","2026-07-01","2026-06-30","fresh_low","720000","697138","708272","3.175234696055218","1.6289335093102708","658693","757851","Moderate","3","2.7278854213529113","46.593021528889366","hdb_v2_recent_same_block"
"punggol","305A PUNGGOL RD","4 ROOM","92","8","2026-09-01","2026-08-31","fresh_middle","740000","694611","698459","6.133607898683879","5.613646305796117","649567","747351","Moderate","3","2.8009696092818044","43.4837987156235","hdb_v2_recent_same_block"
"punggol","289D PUNGGOL PL","5 ROOM","112","8","2026-09-01","2026-08-31","fresh_middle","988000","938187","923944","5.041766387657798","6.483386934643276","859268","988620","Moderate","3","2.7951815154762647","46.0676934678872","hdb_v2_recent_same_block"
"punggol","306A PUNGGOL PL","4 ROOM","97","8","2026-08-01","2026-07-31","fresh_middle","768000","774685","772296","0.8703986197968083","0.5594105605337019","718236","826357","Moderate","4","2.65042894741553","54.49854845437683","hdb_v2_recent_same_block"
"punggol","289B PUNGGOL PL","4 ROOM","96","11","2026-09-01","2026-08-31","fresh_middle","748000","749828","756961","0.2444197515772517","1.1980206083658462","703974","809948","Moderate","3","2.106192932819363","62.86234427801958","hdb_v2_recent_same_block"
"punggol","195B PUNGGOL RD","4 ROOM","90","11","2026-07-01","2026-06-30","fresh_middle","631888","628336","630659","0.5621738625349981","0.19442946547196804","586513","674806","Moderate","3","2.9299839127737983","36.97692791893018","hdb_v2_recent_same_block"
"punggol","679A PUNGGOL DR","4 ROOM","93","14","2026-08-01","2026-07-31","fresh_high","755000","765762","766887","1.4254093695701853","1.5743768557783921","713204","820569","Moderate","3","2.909184540881348","40.232926241983925","hdb_v2_recent_same_block"
"punggol","274A PUNGGOL PL","4 ROOM","93","14","2026-09-01","2026-08-31","fresh_high","756888","742296","775075","1.9278901032957152","2.4028789973900677","720820","829330","Moderate","14","6.341627918850968","33.347574277015454","hdb_v2_recent_block_nearby_blend"
"punggol","615A EDGEFIELD PLAINS","4 ROOM","92","14","2026-08-01","2026-07-31","fresh_high","655000","673520","665407","2.827460609639898","1.5888271100315876","618828","711985","Moderate","3","2.864843645065969","42.89336816089987","hdb_v2_recent_same_block"
"punggol","288A PUNGGOL PL","4 ROOM","96","17","2026-09-01","2026-08-31","fresh_high","805000","779835","792987","3.1261335473803054","1.4922907265961904","763670","822305","High","5","3.4120103601849494","46.39290211135904","hdb_v2_recent_same_block"
"punggol","679A PUNGGOL DR","4 ROOM","93","14","2026-09-01","2026-08-31","fresh_high","760000","753693","761160","0.829913210667832","0.15264124996454687","707879","814441","Moderate","3","2.1211075621441844","63.625206562847005","hdb_v2_recent_same_block"
"punggol","613A PUNGGOL DR","4 ROOM","93","5","2026-08-01","2026-07-31","thin_low","655000","607583","659534","7.2392637740427705","0.6922883189888651","613367","705702","Moderate","19","15.409525863981603","10.48534617103737","hdb_v2_recent_nearby_older_block_support"
"punggol","273A PUNGGOL PL","4 ROOM","93","5","2026-08-01","2026-07-31","thin_low","735000","726563","704441","1.1479591836734526","4.157725450434457","655130","753752","Moderate","11","7.848580551875911","24.999999999999996","hdb_v2_recent_block_nearby_blend"
"punggol","289D PUNGGOL PL","5 ROOM","115","2","2026-07-01","2026-06-30","thin_low","958000","869279","884507","9.261015539841445","7.671452624059095","822592","946423","Moderate","5","4.537782164145735","27.885144599783086","hdb_v2_recent_block_nearby_blend"
"punggol","613C PUNGGOL DR","4 ROOM","93","2","2026-07-01","2026-06-30","thin_low","605000","620777","618452","2.607829255282601","2.2234121226352155","575160","661743","Moderate","10","7.3677984969021715","25","hdb_v2_recent_block_nearby_blend"
"punggol","678B PUNGGOL DR","5 ROOM","113","5","2026-07-01","2026-06-30","thin_low","900000","843887","877254","6.2347937252612","2.5273430688974807","815846","938662","Moderate","14","10.840552390968906","14.517405392026678","hdb_v2_recent_nearby_older_block_support"
"queenstown","164 STIRLING RD","3 ROOM","66","11","2026-08-01","2026-07-31","thin_middle","300000","368615","382748","22.8717193377459","27.58271141140454","355956","409541","Moderate","14","8.879285729729006","24.999999999999993","hdb_v2_recent_block_nearby_blend"
"queenstown","167 STIRLING RD","3 ROOM","60","11","2026-07-01","2026-06-30","thin_middle","353000","324591","344848","8.04779142889248","2.309430221032316","315115","374580","Moderate","9","6.883205597701668","24.538537913175624","hdb_v2_recent_block_nearby_blend"
"queenstown","162 MEI LING ST","3 ROOM","66","11","2026-08-01","2026-07-31","thin_middle","353888","388900","380290","9.893478518222087","7.460535070898633","353670","406910","Moderate","15","8.836510317762295","24.999999999999986","hdb_v2_recent_block_nearby_blend"
"queenstown","166 STIRLING RD","3 ROOM","60","8","2026-07-01","2026-06-30","thin_middle","310000","316530","348328","2.1064738224986446","12.363996410147294","313496","383161","Moderate","6","5.132715350801539","29.522093000573925","hdb_v2_recent_block_nearby_blend"
"queenstown","21 QUEEN'S CL","4 ROOM","108","8","2026-09-01","2026-08-31","thin_middle","845000","791428","821583","6.339856169682223","2.771229368795547","764072","879094","Moderate","4","3.089091785282638","45.90567255355187","hdb_v2_recent_nearby_older_block_support"
"queenstown","166 STIRLING RD","3 ROOM","60","8","2026-08-01","2026-07-31","fresh_middle","300000","313308","309602","4.436007304814771","3.2005423715590453","287930","331274","Moderate","3","2.517876691244796","48.279662393541294","hdb_v2_recent_same_block"
"queenstown","168 STIRLING RD","3 ROOM","60","5","2026-07-01","2026-06-30","fresh_low","348000","345775","340159","0.6392823754648225","2.2532369469717595","316348","363970","Moderate","3","2.277323817548522","56.33297511732868","hdb_v2_recent_same_block"
"queenstown","169 STIRLING RD","3 ROOM","60","5","2026-08-01","2026-07-31","fresh_low","385000","358190","362274","6.963751422963826","5.902944588329529","345326","379221","High","6","5.660711016368952","23.345756164449483","hdb_v2_recent_same_block"
"queenstown","168 STIRLING RD","3 ROOM","60","5","2026-09-01","2026-08-31","fresh_low","328000","347229","342807","5.8625592986312425","4.5142473715112486","318810","366803","Moderate","3","2.8224084992951055","41.35651481126874","hdb_v2_recent_same_block"
"queenstown","152 MEI LING ST","3 ROOM","67","5","2026-09-01","2026-08-31","thin_low","360000","318768","373860","11.45340915819677","3.8501108778067783","347690","400031","Moderate","9","7.175345380920177","22.48158712141047","hdb_v2_recent_nearby"
"queenstown","50 STIRLING RD","3 ROOM","102.4","2","2026-08-01","2026-07-31","thin_low","1040888","572124","","45.03500364718964","","","","","","","",""
"queenstown","149 MEI LING ST","EXECUTIVE","146","5","2026-08-01","2026-07-31","thin_low","1390000","1271090","1364917","8.554684471078588","1.8045432299071185","1255353","1474481","Moderate","3","2.729674317305435","47.94086692441204","hdb_v2_recent_nearby"
"queenstown","145 MEI LING ST","5 ROOM","136","2","2026-08-01","2026-07-31","thin_low","1200000","1122095","1213522","6.492122354215324","1.1268528519214671","1128576","1298469","Moderate","3","2.001930609807765","65.96495666981875","hdb_v2_recent_nearby"
"queenstown","19 QUEEN'S CL","4 ROOM","107","5","2026-08-01","2026-07-31","thin_low","795000","809888","855542","1.8727044025157014","7.615369926946847","769988","941096","Low","7","3.9470784629381006","33.61312436135543","hdb_v2_recent_block_nearby_blend"
"queenstown","20 QUEEN'S CL","4 ROOM","107","17","2026-09-01","2026-08-31","thin_high","890000","857746","853569","3.624083597302985","4.0933454414093795","793819","913319","Moderate","4","3.3245620019780606","41.77053275179008","hdb_v2_recent_block_nearby_blend"
"queenstown","23A QUEEN'S CL","3 ROOM","76","20","2026-09-01","2026-08-31","thin_high","430000","441729","433319","2.727576198437509","0.7719637287512571","401703","464936","Moderate","5","4.180988844704239","28.36830000546095","hdb_v2_recent_block_nearby_blend"
"queenstown","22 QUEEN'S CL","5 ROOM","128","14","2026-07-01","2026-06-30","thin_high","1130000","1055273","1159082","6.613045160980602","2.573645694868998","1077946","1240218","Moderate","4","3.7620571030844294","31.072120505133842","hdb_v2_recent_block_nearby_blend"
"queenstown","154 MEI LING ST","3 ROOM","67","14","2026-08-01","2026-07-31","thin_high","380000","414218","392391","9.004641788849966","3.2608282839045932","364924","419859","Moderate","8","6.0245530498562205","25","hdb_v2_recent_block_nearby_blend"
"queenstown","23A QUEEN'S CL","3 ROOM","76","17","2026-08-01","2026-07-31","thin_high","440000","435114","432279","1.1104800318683328","1.754775468456582","399082","465476","Moderate","6","4.116913862305961","34.37682372127367","hdb_v2_recent_nearby_older_block_support"
"queenstown","161 MEI LING ST","3 ROOM","72","8","2026-07-01","2026-06-30","thin_middle","440000","437539","420582","0.5593961151082238","4.41324632769372","391141","450022","Moderate","7","5.682672978426344","29.139312396879095","hdb_v2_recent_block_nearby_blend"
"queenstown","154 MEI LING ST","3 ROOM","67","8","2026-07-01","2026-06-30","thin_middle","402000","399593","383063","0.5988025724709023","4.7105967676106975","356249","409878","Moderate","10","6.4734116186094335","26.296934069751426","hdb_v2_recent_nearby_older_block_support"
"queenstown","165 STIRLING RD","3 ROOM","60","8","2026-07-01","2026-06-30","thin_middle","360888","376945","353663","4.449367024552497","2.0019176935806238","318417","388910","Moderate","6","5.3099899735380385","25.000000000000007","hdb_v2_recent_block_nearby_blend"
"queenstown","171 STIRLING RD","3 ROOM","60","11","2026-07-01","2026-06-30","thin_middle","371000","390039","374939","5.131684560362948","1.0616613178597634","347428","402450","Moderate","10","7.23255396766337","24.999999999999996","hdb_v2_recent_block_nearby_blend"
"queenstown","170 STIRLING RD","3 ROOM","60","8","2026-07-01","2026-06-30","thin_middle","355000","354189","353528","0.22835950985334863","0.4145255546140314","322031","385026","Moderate","7","5.907976488553286","27.738638411612744","hdb_v2_recent_block_nearby_blend"
"queenstown","154 MEI LING ST","3 ROOM","67","11","2026-08-01","2026-07-31","thin_middle","368000","408908","377438","11.116212273439817","2.56458489430762","351017","403858","Moderate","5","4.6278289575540095","26.483031652162037","hdb_v2_recent_block_nearby_blend"
"queenstown","184 STIRLING RD","4 ROOM","94","11","2026-08-01","2026-07-31","thin_middle","930000","882204","917478","5.13931949388049","1.3464320220141324","853255","981702","Moderate","12","7.8904994117579506","20.525662117676426","hdb_v2_recent_block_nearby_blend"
"queenstown","145 MEI LING ST","5 ROOM","126","5","2026-09-01","2026-08-31","thin_low","1240000","1167623","1123348","5.836847886272856","9.407381560293315","1044714","1201983","Moderate","7","5.536512608331931","25","hdb_v2_recent_block_nearby_blend"
"queenstown","148 MEI LING ST","EXECUTIVE","150","8","2026-09-01","2026-08-31","thin_middle","1420000","1364871","1421408","3.8823105969321703","0.09916651702601698","1321910","1520907","Moderate","4","3.130174806929401","47.20270936287336","hdb_v2_recent_block_nearby_blend"
"queenstown","150 MEI LING ST","EXECUTIVE","148","11","2026-09-01","2026-08-31","thin_middle","1500000","1586060","1446492","5.737362456033157","3.567219008557776","1345237","1547746","Moderate","4","3.4319524080605475","41.38077874464519","hdb_v2_recent_block_nearby_blend"
